"name","species","gene_name","flybase_id","coordinates","sequence"
"Kr_eve:REDFLY:TF000354","dmel","eve","FBgn0000606","2R:9977715..9977724","ATAACCCAAT"
"Kr_eve:REDFLY:TF000355","dmel","eve","FBgn0000606","2R:9977764..9977772","TTACCCGGT"
"Kr_eve:REDFLY:TF000356","dmel","eve","FBgn0000606","2R:9977799..9977809","TAACTGGGACA"
"bcd_eve:REDFLY:TF000357","dmel","eve","FBgn0000606","2R:9977849..9977857","GTTAATCCG"
"Kr_eve:REDFLY:TF000358","dmel","eve","FBgn0000606","2R:9977850..9977859","TTAATCCGTT"
"gt_eve:REDFLY:TF000359","dmel","eve","FBgn0000606","2R:9977869..9977894","CGAGATTATTAGTCAATTGCAGTTGC"
"bcd_eve:REDFLY:TF000360","dmel","eve","FBgn0000606","2R:9977870..9977878","GAGATTATT"
"gt_eve:REDFLY:TF000361","dmel","eve","FBgn0000606","2R:9977932..9977976","GACTTTATTGCAGCATCTTGAACAATCGTCGCAGTTTGGTAACAC"
"Kr_eve:REDFLY:TF000362","dmel","eve","FBgn0000606","2R:9977971..9977979","TAACACGCT"
"Kr_eve:REDFLY:TF000363","dmel","eve","FBgn0000606","2R:9977997..9978005","AGACGGAAT"
"Kr_eve:REDFLY:TF000364","dmel","eve","FBgn0000606","2R:9978008..9978017","AGGGACCCTG"
"bcd_eve:REDFLY:TF000365","dmel","eve","FBgn0000606","2R:9978021..9978029","TATAATCGC"
"Kr_eve:REDFLY:TF000366","dmel","eve","FBgn0000606","2R:9978038..9978047","ACCGGGTTGC"
"Kr_eve:REDFLY:TF000367","dmel","eve","FBgn0000606","2R:9978113..9978133","TGGGATTAGCCAAGGGCTTGA"
"bcd_eve:REDFLY:TF000368","dmel","eve","FBgn0000606","2R:9978114..9978122","GGGATTAGC"
"Kr_eve:REDFLY:TF000369","dmel","eve","FBgn0000606","2R:9978141..9978186","TCCAATCCCGATCCCTAGCCCGATCCCAATCCCAATCCCAATCCCT"
"gt_eve:REDFLY:TF000370","dmel","eve","FBgn0000606","2R:9978201..9978223","GAAAGTCATAAAAACACATAATA"
"hb_eve:REDFLY:TF000371","dmel","eve","FBgn0000606","2R:9978207..9978216","CATAAAAACA"
"bcd_eve:REDFLY:TF000372","dmel","eve","FBgn0000606","2R:9978232..9978242","GAAGGGATTAG"
"Kr_eve:REDFLY:TF000373","dmel","eve","FBgn0000606","2R:9978232..9978242","GAAGGGATTAG"
"Kr_eve:REDFLY:TF000374","dmel","eve","FBgn0000606","2R:9978283..9978292","ACTGGGTTAT"
"hb_eve:REDFLY:TF000375","dmel","eve","FBgn0000606","2R:9978289..9978298","TTATTTTTTT"
"Kr_eve:REDFLY:TF000376","dmel","eve","FBgn0000606","2R:9978326..9978336","TTAACCCGTTT"
"hb_eve:REDFLY:TF000377","dmel","eve","FBgn0000606","2R:9978372..9978381","CGATTTTTTT"
"bcd_eve:REDFLY:TF001463","dmel","eve","FBgn0000606","2R:9978230..9978243","TCGAAGGGATTAGG"
"vfl_eve:REDFLY:TF001495","dmel","eve","FBgn0000606","2R:9977825..9977831","CTGGTTT"
"vfl_eve:REDFLY:TF001496","dmel","eve","FBgn0000606","2R:9977768..9977774","CCGGTAC"
"CG7928_eve:REDFLY:TF002028","dmel","eve","FBgn0000606","2R:9977725..9978295","AATTTGAAGTAACTGGCAGGAGCGAGGTATCCTTCCTGGTTACCCGGTACTGCATAACAATGGAACCCGAACCGTAACTGGGACAGATCGAAAAGCTGGCCTGGTTTCTCGCTGTGTGTGCCGTGTTAATCCGTTTGCCATCAGCGAGATTATTAGTCAATTGCAGTTGCAGCGTTTCGCTTTCGTCCTCGTTTCACTTTCGAGTTAGACTTTATTGCAGCATCTTGAACAATCGTCGCAGTTTGGTAACACGCTGTGCCATACTTTCATTTAGACGGAATCGAGGGACCCTGGACTATAATCGCACAACGAGACCGGGTTGCGAAGTCAGGGCATTCCGCCGATCTAGCCATCGCCATCTTCTGCGGGCGTTTGTTTGTTTGTTTGCTGGGATTAGCCAAGGGCTTGACTTGGAATCCAATCCCGATCCCTAGCCCGATCCCAATCCCAATCCCAATCCCTTGTCCTTTTCATTAGAAAGTCATAAAAACACATAATAATGATGTCGAAGGGATTAGGGGCGCGCAGGTCCAGGCAACGCAATTAACGGACTAGCGAACTGGGTTATTTT"
"exd_eve:REDFLY:TF002029","dmel","eve","FBgn0000606","2R:9977725..9978295","AATTTGAAGTAACTGGCAGGAGCGAGGTATCCTTCCTGGTTACCCGGTACTGCATAACAATGGAACCCGAACCGTAACTGGGACAGATCGAAAAGCTGGCCTGGTTTCTCGCTGTGTGTGCCGTGTTAATCCGTTTGCCATCAGCGAGATTATTAGTCAATTGCAGTTGCAGCGTTTCGCTTTCGTCCTCGTTTCACTTTCGAGTTAGACTTTATTGCAGCATCTTGAACAATCGTCGCAGTTTGGTAACACGCTGTGCCATACTTTCATTTAGACGGAATCGAGGGACCCTGGACTATAATCGCACAACGAGACCGGGTTGCGAAGTCAGGGCATTCCGCCGATCTAGCCATCGCCATCTTCTGCGGGCGTTTGTTTGTTTGTTTGCTGGGATTAGCCAAGGGCTTGACTTGGAATCCAATCCCGATCCCTAGCCCGATCCCAATCCCAATCCCAATCCCTTGTCCTTTTCATTAGAAAGTCATAAAAACACATAATAATGATGTCGAAGGGATTAGGGGCGCGCAGGTCCAGGCAACGCAATTAACGGACTAGCGAACTGGGTTATTTT"
"Hr78_eve:REDFLY:TF002030","dmel","eve","FBgn0000606","2R:9977725..9978295","AATTTGAAGTAACTGGCAGGAGCGAGGTATCCTTCCTGGTTACCCGGTACTGCATAACAATGGAACCCGAACCGTAACTGGGACAGATCGAAAAGCTGGCCTGGTTTCTCGCTGTGTGTGCCGTGTTAATCCGTTTGCCATCAGCGAGATTATTAGTCAATTGCAGTTGCAGCGTTTCGCTTTCGTCCTCGTTTCACTTTCGAGTTAGACTTTATTGCAGCATCTTGAACAATCGTCGCAGTTTGGTAACACGCTGTGCCATACTTTCATTTAGACGGAATCGAGGGACCCTGGACTATAATCGCACAACGAGACCGGGTTGCGAAGTCAGGGCATTCCGCCGATCTAGCCATCGCCATCTTCTGCGGGCGTTTGTTTGTTTGTTTGCTGGGATTAGCCAAGGGCTTGACTTGGAATCCAATCCCGATCCCTAGCCCGATCCCAATCCCAATCCCAATCCCTTGTCCTTTTCATTAGAAAGTCATAAAAACACATAATAATGATGTCGAAGGGATTAGGGGCGCGCAGGTCCAGGCAACGCAATTAACGGACTAGCGAACTGGGTTATTTT"
"sna_eve:REDFLY:TF002031","dmel","eve","FBgn0000606","2R:9977725..9978295","AATTTGAAGTAACTGGCAGGAGCGAGGTATCCTTCCTGGTTACCCGGTACTGCATAACAATGGAACCCGAACCGTAACTGGGACAGATCGAAAAGCTGGCCTGGTTTCTCGCTGTGTGTGCCGTGTTAATCCGTTTGCCATCAGCGAGATTATTAGTCAATTGCAGTTGCAGCGTTTCGCTTTCGTCCTCGTTTCACTTTCGAGTTAGACTTTATTGCAGCATCTTGAACAATCGTCGCAGTTTGGTAACACGCTGTGCCATACTTTCATTTAGACGGAATCGAGGGACCCTGGACTATAATCGCACAACGAGACCGGGTTGCGAAGTCAGGGCATTCCGCCGATCTAGCCATCGCCATCTTCTGCGGGCGTTTGTTTGTTTGTTTGCTGGGATTAGCCAAGGGCTTGACTTGGAATCCAATCCCGATCCCTAGCCCGATCCCAATCCCAATCCCAATCCCTTGTCCTTTTCATTAGAAAGTCATAAAAACACATAATAATGATGTCGAAGGGATTAGGGGCGCGCAGGTCCAGGCAACGCAATTAACGGACTAGCGAACTGGGTTATTTT"
