"","X","start","stop","seq"
"1",1,1,70,"ataTAACCCAATaatTTGAAGTAACTGGCaggagcgaggtatcCTTCCTGGTTACCCGGTACTGCATAAC"
"4",4,178,221,"gttgcagcgtttcgctttcgtcctcgtttcactttcgagttaga"
"9",9,662,708,"ATTTTTTTGGccaaacctccaagCTAACTTGCGCAAGTGGCAAGTGG"
"12",12,848,870,"ccattttccattttccatgttct"
"3",3,135,177,"GTGTTAATCCGTTtgccatcagcGAGATTATTAGTCAATTGCA"
"6",6,267,384,"tgtgccatactttcatttagacggaatcgagggaccctggactATAATCGCacaacgagACCGGGTTGCGAAGTcagggcattccgccgatctagccatcgccatcttctgcgggcgt"
"11",11,771,847,"ATGATTATatcatcATAATAAATGTTTTGCccaacgaaaccgaaaaCTTTTCAAATTAAGTCCcggcaACTGGGTTC"
"10",10,709,770,"ccggtttgctggcccaaaagaggaggcacTATCCCGGTcctggtacagttggtacgctggga"
"5",5,222,266,"CTTTATTGCAGCATcTTGAACAAtcgtCGCAGTTTGGTAACACGC"
"2",2,71,134,"aatggaacccgaaccgtaactgggacagatcgAAAAGCTGgcctggtttctcgctgtgtgtgcc"
"7",7,385,643,"TTGTTTGTTTGTTTGCtGGGATTAGccAAGGGCTTGActtggaatCCAATCCCgatcccTAGCCCGATcCCAATCCCAATCCCAATCCCTTGTCCTTTTCATtagaaagtcATAAAAACACataataatgatgtcgAAGGGATTAGgggcgcGCAGGTCCAGGCAAcgcaattAACGGACTAGcgaACTGGGTTATTTTTTTGCgcCGACTTAGccCTGATCCGcGAGCTTAACCCGTTTTGAGCCGggcaGCAGGTAG"
"8",8,644,661,"ttgtgggtggaccccacg"
"13",13,871,898,"GCGGGCAGgggcggccattatctcgcta"
