"","start","stop","seq","left","right","L","R"
"1",1,38,"atATAACCCAATaatTTGAAGTAACTGGCaggagcgag","atATAA","agcgag",NA,"GTATCC"
"2",39,150,"GTATCCTTCCTGGTTACCCGGTACTGCATAACAATGGAACCCGAACCGTAACTGGGACAgATCGAAAAGctggcCTGGTTTCTcgctGTGTGTGCCGTGTTAATCCGTTTGC","GTATCC","GTTTGC","agcgag","catcag"
"3",151,156,"catcag","catcag","catcag","GTTTGC","CGAGAT"
"4",157,193,"CGAGATTATTAGTCAATTGCAGTTGCagCGTTTCGCT","CGAGAT","TTCGCT","catcag","ttcgtc"
"5",194,216,"ttcgtcctcgtttcactttcgag","ttcgtc","ttcgag","TTCGCT","TTAGAC"
"6",217,277,"TTAGACTTTATTGCAGCATCTTGAACAATCGTCGCAGTTTGGTAACACGCTGTGCCATACT","TTAGAC","CATACT","ttcgag","ttcatt"
"7",278,284,"ttcattt","ttcatt","tcattt","CATACT","AGACGG"
"8",285,317,"AGACGGAATcgAGGGACCCTGgacTATAATCGC","AGACGG","AATCGC","tcattt","acaacg"
"9",318,325,"acaacgag","acaacg","aacgag","AATCGC","ACCGGG"
"10",326,344,"ACCGGGTTGCGAAGTCAGG","ACCGGG","GTCAGG","aacgag","gcattc"
"11",345,384,"gcattccgccgatctagccatcgccatcttctgcgggcgt","gcattc","gggcgt","GTCAGG","TTGTTT"
"12",385,421,"TTGTTTGTTTGTTTGCTGGGATTAGCCAAGGGCTTGA","TTGTTT","GCTTGA","gggcgt","cttgga"
"13",422,428,"cttggaa","cttgga","ttggaa","GCTTGA","TCCAAT"
"14",429,482,"TCCAATCCCGATCCCTAGCCCGATCCCAATCCCAATCCCAATCCCTTGTCCTTT","TCCAAT","TCCTTT","ttggaa","tcatta"
"15",483,488,"tcatta","tcatta","tcatta","TCCTTT","GAAAGT"
"16",489,511,"GAAAGTCATAAAAACACATAATA","GAAAGT","ATAATA","tcatta","atgatg"
"17",512,517,"atgatg","atgatg","atgatg","ATAATA","TCGAAG"
"18",518,588,"TCGAAGGGATTAGGggcgcGCAGGTCCAGGCAACGCAATTAACGGACTAGCGaACTGGGTTATTTTTTTGC","TCGAAG","TTTTGC","atgatg","gccgac"
"19",589,595,"gccgact","gccgac","ccgact","TTTTGC","TAGCCC"
"20",596,624,"TAGCCCTGAtccgcGAGCTTAACCCGTTT","TAGCCC","CCGTTT","ccgact","tgagcc"
"21",625,635,"tgagccgggca","tgagcc","cgggca","CCGTTT","GCAGGT"
"22",636,643,"GCAGGTAG","GCAGGT","AGGTAG","cgggca","ttgtgg"
"23",644,659,"ttgtgggtggacccca","ttgtgg","acccca","AGGTAG","CGATTT"
"24",660,671,"CGATTTTTTTGG","CGATTT","TTTTGG","acccca","ccaaac"
"25",672,684,"ccaaacctccaag","ccaaac","tccaag","TTTTGG","CTAACT"
"26",685,717,"CTAACTTGCGCAAGTGGCAAGTGGcCGGTTTGC","CTAACT","GTTTGC","tccaag","tggccc"
"27",718,737,"tggcccaaaagaggaggcac","tggccc","aggcac","GTTTGC","TATCCC"
"28",738,746,"TATCCCGGT","TATCCC","CCCGGT","aggcac","cctggt"
"29",747,770,"cctggtacagttggtacgctggga","cctggt","ctggga","CCCGGT","ATGATT"
"30",771,853,"ATGATTATatcATCATAATAaATGTTTTGCCCAACGAAACCGAAAACtttTCAAATTAAGTCCCGGCAACTGGGTTCCCATTT","ATGATT","CCATTT","ctggga","tccatt"
"31",854,870,"tccattttccatgttct","tccatt","tgttct","CCATTT","GCGGGC"
"32",871,898,"GCGGGCAGgggcggccattatctcgcta","GCGGGC","tcgcta","tgttct",NA
