"","pattern","start","stop","sequence","pValue"
"1","kr",615,623,"AACGGGTTA",8.94e-06
"2","vfl",636,643,"GCAGGTAG",1.21e-05
"3","bcd",138,145,"TTAATCCG",3.26e-05
"4","cad",99,107,"CTTTTCGAT",4.59e-05
"5","bcd",402,409,"CTAATCCC",4.72e-05
"6","bcd",523,530,"CTAATCCC",4.72e-05
"7","cad",493,501,"TTTTATGAC",0.00011
"8","kr",139,147,"AACGGATTA",0.000136
"9","kr",521,529,"AAGGGATTA",0.000163
"10","gt",57,70,"CGGTACTGCATAAC",0.000165
"11","slp",393,400,"GCAAACAA",0.000167
"12","hb",581,588,"TTTTTTGC",0.000225
"13","kr",571,579,"ACTGGGTTA",0.000272
"14","hb",664,671,"TTTTTTGG",0.000273
"15","kr",52,60,"ACCGGGTAA",0.000284
"16","gt",253,266,"GCGTGTTACCAAAC",0.000339
"17","kr",326,334,"ACCGGGTTG",0.000377
"18","hb",496,503,"GTTTTTAT",0.000407
"19","slp",385,392,"ACAAACAA",0.000425
"20","slp",389,396,"ACAAACAA",0.000425
"21","cad",782,790,"TATTATGAT",0.000472
"22","kr",4,12,"ATTGGGTTA",0.000506
"23","bcd",610,617,"TTAAGCTC",0.000582
"24","bcd",158,165,"ATAATCTC",0.000688
"25","cad",185,193,"CGTTTCGCT",8e-04
"26","kr",467,475,"AAGGGATTG",0.000874
"27","cad",809,817,"GTTTTCGGT",0.000938
"28","hb",580,587,"TTTTTTTG",0.000968
"29","hb",663,670,"TTTTTTTG",0.000968
"30","vfl",537,544,"GCAGGTCC",0.00108
"31","slp",48,55,"GTAACCAG",0.00113
"32","kr",839,847,"ACTGGGTTC",0.00117
"33","gt",249,262,"CGCAGTTTGGTAAC",0.0012
"34","vfl",44,51,"CCAGGAAG",0.0012
"35","kr",412,420,"AAGGGCTTG",0.00125
"36","kr",558,566,"AACGGACTA",0.00142
"37","kr",444,452,"ATCGGGCTA",0.0015
"38","gt",222,235,"CTTTATTGCAGCAT",0.00151
"39","gt",327,340,"CCGGGTTGCGAAGT",0.0017
"40","vfl",871,878,"GCGGGCAG",0.00189
"41","kr",738,746,"ACCGGGATA",0.00215
"42","slp",498,505,"AAAAACAC",0.00235
"43","slp",135,142,"ATTAACAC",0.00254
"44","gt",689,702,"GCCACTTGCGCAAG",0.00258
"45","slp",496,503,"ATAAAAAC",0.00296
"46","kr",474,482,"AAAGGACAA",0.00315
"47","slp",581,588,"GCAAAAAA",0.00315
"48","vfl",694,701,"GCAAGTGG",0.00316
"49","vfl",701,708,"GCAAGTGG",0.00316
"50","gt",685,698,"CTAACTTGCGCAAG",0.00316
"51","vfl",250,257,"GCAGTTTG",0.00364
"52","gt",16,29,"GCCAGTTACTTCAA",0.0038
"53","vfl",543,550,"CCAGGCAA",0.00398
"54","vfl",52,59,"CCGGGTAA",0.00398
"55","gt",164,177,"TGCAATTGACTAAT",0.00412
"56","slp",237,244,"TTGAACAA",0.00434
"57","slp",771,778,"ATAATCAT",0.00446
"58","vfl",55,62,"CCCGGTAC",0.00475
"59","slp",126,133,"GCACACAC",0.00509
"60","slp",143,150,"GCAAACGG",0.00509
"61","slp",710,717,"GCAAACCG",0.00509
"62","kr",596,604,"TCAGGGCTA",0.00555
"63","slp",255,262,"GTTACCAA",0.00555
"64","gt",264,277,"CGCTGTGCCATACT",0.00556
"65","gt",543,556,"CCAGGCAACGCAAT",0.00572
"66","kr",259,267,"AGCGTGTTA",0.00582
"67","kr",75,83,"TTCGGGTTC",0.00601
"68","kr",845,853,"AAATGGGAA",0.00616
"69","gt",547,560,"GTTAATTGCGTTGC",0.00619
"70","gt",331,344,"CCTGACTTCGCAAC",0.00641
"71","gt",401,414,"TGGGATTAGCCAAG",0.00645
"72","gt",825,838,"TGCCGGGACTTAAT",0.00752
"73","slp",114,121,"AGAAACCA",0.00778
"74","kr",39,47,"GAAGGATAC",0.00784
"75","kr",217,225,"AAAGTCTAA",0.00803
"76","slp",3,10,"ATAACCCA",0.00821
"77","slp",573,580,"ATAACCCA",0.00821
"78","gt",792,805,"ATGTTTTGCCCAAC",0.00868
"79","gt",821,834,"TCAAATTAAGTCCC",0.00912
"80","kr",132,140,"GCCGTGTTA",0.00959
"81","kr",520,528,"GAAGGGATT",0.00959
"82","gt",81,94,"CCCAGTTACGGTTC",0.0117
"83","gt",61,74,"CATTGTTATGCAGT",0.0121
"84","gt",556,569,"CGCTAGTCCGTTAA",0.0123
"85","gt",796,809,"TTTCGTTGGGCAAA",0.0129
"86","gt",801,814,"TTCGGTTTCGTTGG",0.0133
"87","gt",232,245,"GCATCTTGAACAAT",0.0138
"88","kr",3,12,"ATAACCCAAT",0
"89","kr",52,60,"TTACCCGGT",0
"90","kr",87,97,"TAACTGGGACA",0
"91","bcd",137,145,"GTTAATCCG",0
"92","kr",138,147,"TTAATCCGTT",0
"93","gt",157,182,"CGAGATTATTAGTCAATTGCAGTTGC",0
"94","bcd",158,166,"GAGATTATT",0
"95","gt",220,264,"GACTTTATTGCAGCATCTTGAACAATCGTCGCAGTTTGGTAACAC",0
"96","kr",259,267,"TAACACGCT",0
"97","kr",285,293,"AGACGGAAT",0
"98","kr",296,305,"AGGGACCCTG",0
"99","bcd",309,317,"TATAATCGC",0
"100","kr",326,335,"ACCGGGTTGC",0
"101","kr",401,421,"TGGGATTAGCCAAGGGCTTGA",0
"102","bcd",402,410,"GGGATTAGC",0
"103","kr",429,474,"TCCAATCCCGATCCCTAGCCCGATCCCAATCCCAATCCCAATCCCT",0
"104","gt",489,511,"GAAAGTCATAAAAACACATAATA",0
"105","hb",495,504,"CATAAAAACA",0
"106","bcd",520,530,"GAAGGGATTAG",0
"107","kr",520,530,"GAAGGGATTAG",0
"108","kr",571,580,"ACTGGGTTAT",0
"109","hb",577,586,"TTATTTTTTT",0
"110","kr",614,624,"TTAACCCGTTT",0
"111","hb",660,669,"CGATTTTTTT",0
"112","bcd",518,531,"TCGAAGGGATTAGG",0
"113","vfl",113,119,"CTGGTTT",0
"114","vfl",56,62,"CCGGTAC",0
